title,compay,location,link
2022년 하반기 IT 직무 수시,선진,대한민국,https://kr.indeed.com/viewjob?jk=e67cba6ba406ea90
라인프렌즈 2022년 각 부문 수시,라인프렌즈,서울 용산구,https://kr.indeed.com/viewjob?jk=1015284880e2ff62
[우리에프아이에스] 경력직 직원,우리에프아이에스,서울 마포구,https://kr.indeed.com/viewjob?jk=f372ca61fa5a0a18
"2022년 제3차 직원(사무직,업무직)",120다산콜재단,서울 동대문구,https://kr.indeed.com/viewjob?jk=2a17dfe5b54e14dd
딥러닝 기반 Computer Vision 개발자,에스케이텔레콤,서울 중구,https://kr.indeed.com/viewjob?jk=4cf24d3dd5919469
(신입/인턴) 리서치 사회조사 연구원,리서치앤유,서울 성동구,https://kr.indeed.com/viewjob?jk=a8a2e292ef8b0528
빅데이터 플랫폼(인프라) 운영 담당자 영입,카카오페이증권,성남 분당구,https://kr.indeed.com/viewjob?jk=7d25ed345d03c120
Kafka 담당자 영입,카카오페이,성남 분당구,https://kr.indeed.com/viewjob?jk=97e9de2381da633d
[TmaxOS/R&D] OS부문 개발자,티맥스소프트,성남 분당구,https://kr.indeed.com/viewjob?jk=c77efc7bb98239d8
[11번가] 데이터 엔지니어 분야,십일번가,서울 중구,https://kr.indeed.com/viewjob?jk=148c1a1c1cbd1419
(인천 송도) 인공지능(AI)분야 Python 개발 인력,애나,인천 연수구,https://kr.indeed.com/viewjob?jk=b6a035d43f41e23b
빅데이터 분야,LG유플러스,서울,https://kr.indeed.com/viewjob?jk=67c19d7ac0857ecd
[선행기술원] Virtual검증 _ 검증/해석[책임연구원],현대자동차그룹,성남 판교역,https://kr.indeed.com/viewjob?jk=0d571c647c477c68
Python 기반 빅데이터 처리 개발자,드림어스컴퍼니,서울 서초구,https://kr.indeed.com/viewjob?jk=d364360d1e0368e3
[뉴플랫폼기술] 클라우드 엔지니어(보안),한국카카오은행,성남 분당구,https://kr.indeed.com/viewjob?jk=89f4196100a94fab
AI 분야,LG유플러스,서울,https://kr.indeed.com/viewjob?jk=abdc136f65ceddd4
백엔드 개발자(Python),액스,서울 서초구,https://kr.indeed.com/viewjob?jk=24d38e6721dfb0e4
[HW직군 R&D Track] 2022년 하반기 수시,쎄트렉아이,대전 유성구,https://kr.indeed.com/viewjob?jk=791f79d5a0b3aad0
[네이버계열사][NIT Service] 네이버 파이낸셜 플랫폼 운영,엔아이티서비스,성남 분당구,https://kr.indeed.com/viewjob?jk=f77f9abb42c655b7
[글로벌디지털마케팅] 디지털 데이터 분석 및 운영 담당자 정규직,콘센트릭스서비스코리아,성남 분당구,https://kr.indeed.com/viewjob?jk=6bf4082df7c99159
서명 서비스 개발,안랩,성남 분당구,https://kr.indeed.com/viewjob?jk=125d993318155459
2022년 상반기 백엔드 개발자,반달소프트,성남 분당구,https://kr.indeed.com/viewjob?jk=1601f1bfe3302af5
침해분석대응 (CERT) 인력 모집,엔씨소프트,성남 판교역,https://kr.indeed.com/viewjob?jk=7d6a16d25a48550f
[디엠씨코넷] 빅데이터 분석 기반 비즈니스개발자 양성 & 취업연계 과정 교육생,링크드코리아,세종특별자치시 세종,https://kr.indeed.com/viewjob?jk=2fadb392d2b98351
양자컴퓨팅 및 MI(Material Informatics) 신입/경력,LG이노텍,서울 강서구,https://kr.indeed.com/viewjob?jk=f2eb8cf19b84b2c8
Data Scientist (KOREA),No deviation Pte Ltd,충청북도 청주,https://kr.indeed.com/viewjob?jk=ea23e376c32ece8b
[인텔리전스랩스] 데이터 분석가 (ML 모델 및 서비스 분석),Nexon,경기도 성남,https://kr.indeed.com/viewjob?jk=7b89aebb86d5058d
[kt ds] 2022년 각 부문별 경력사원 수시,케이티디에스,서울 서초구,https://kr.indeed.com/viewjob?jk=b515669e8032265b
서버 개발자 Python(Django) Developer (주니어),아테나스랩,서울 마포구,https://kr.indeed.com/viewjob?jk=4abf59df14cb4390
Web 개발,안랩,성남 분당구,https://kr.indeed.com/viewjob?jk=78b250efff5c4ede
클라우드 기술지원 엔지니어,NHN Enterprise,성남 판교역,https://kr.indeed.com/viewjob?jk=df0bb90702bee2ac
[11번가] System Engineer 분야,십일번가,서울 중구,https://kr.indeed.com/viewjob?jk=60316b7ad62ed396
[진행중] MyData사업부 전문직(데이터 사이언티스트) 채용공고,우리은행,서울 회현동,https://kr.indeed.com/viewjob?jk=b17c4bc74e4c9973
[외국계 스타트업 미소] Business Analyst Intern (정규직 전환형),유한회사 미소,서울,https://kr.indeed.com/viewjob?jk=4c25d6649f8434a8
코딩에 빠진 수퍼 개발자 (펌웨어 개발),에바,성남 수정구,https://kr.indeed.com/viewjob?jk=f54bac6c78fd3240
[카카오커머스] 기술직군,카카오커머스,성남 분당구,https://kr.indeed.com/viewjob?jk=2b9e604e63e7e46d
전문연구요원 (병역특례) 수시 (AI / HW 분야),딥엑스,성남 분당구,https://kr.indeed.com/viewjob?jk=78e99625e5de3c95
JR0186078 AI Research Engineer Intern,인텔코리아,서울,https://kr.indeed.com/viewjob?jk=016de9bb83a8032d
한국행동과학연구소 각 부문 수시,한국행동과학연구소,서울 강남구,https://kr.indeed.com/viewjob?jk=287a2f9783758916
"S/W 엔지니어, 데이터분석 신입/경력 정규직, 인턴",가치랩스,성남 분당구,https://kr.indeed.com/viewjob?jk=5ea9ea023c6ccc03
"자율 주행, 로봇 SW 개발자",에바,성남 수정구,https://kr.indeed.com/viewjob?jk=e30fe92d72ceb17c
MongoDB 담당자 영입,카카오페이,성남 분당구,https://kr.indeed.com/viewjob?jk=d05ef478cc8a9f08
"2022년 상반기 주식회사 쏘마 전 개발 직군 (백엔드, 프론트엔드 외 신입/경력 정규직)",쏘마,성남 분당구,https://kr.indeed.com/viewjob?jk=13ef6f86810c0843
패션고 추천모델링 연구 개발,NHN FashionGo korea,성남 판교역,https://kr.indeed.com/viewjob?jk=e13c32ba4eff23da
모바일 악성코드 분석,안랩,성남 분당구,https://kr.indeed.com/viewjob?jk=e48254095291d67d
경남 인공지능/블록체인 교육과정 (2022 ICT이노베이션스케워 확산 사업),재단법인 한국에이아이블록체인융합원,대한민국,https://kr.indeed.com/viewjob?jk=df1a4900d5aaae78
[빅데이터플랫폼] 데이터 엔지니어,한국카카오은행,성남 분당구,https://kr.indeed.com/viewjob?jk=0b305608d55da082
데이터 분석 및 개발,안랩,성남 분당구,https://kr.indeed.com/viewjob?jk=352a50bc5536d3c3
[AI개발팀] 인공지능(AI)개발 담당 신규직원,휴하리,대전 대덕구,https://kr.indeed.com/viewjob?jk=b226ec2a627c6bd3
[SuperLabs] AI 개발자,스노우,성남 분당구,https://kr.indeed.com/viewjob?jk=a0174d4b28f83aa4
[TmaxEdu/R&D] Edu 연구 개발자,티맥스소프트,성남 분당구,https://kr.indeed.com/viewjob?jk=3f8f8c0b6c5c37c8
[INEEJI]예측/최적화 서비스 AI 엔지니어/프론트엔드 개발자,인이지,성남 수정구,https://kr.indeed.com/viewjob?jk=3e33fb90418e675a
웹시스템 및 솔루션 분야 프로그래머 및 웹퍼블리셔,위더스이십일,서울 금천구,https://kr.indeed.com/viewjob?jk=8e60094702b4fe05
"서버엔진 개발자 정규직 직원 ( C++, Python )",하몬소프트,서울 금천구,https://kr.indeed.com/viewjob?jk=0b15c7881ef76f10
[CA] 웹 스크래핑 엔지니어,한국카카오은행,성남 분당구,https://kr.indeed.com/viewjob?jk=4803a94f462a78f8
[TmaxAI/R&D] NLP/음성 부문 AI모델 개발자(*전문연구요원 병역특례포함),티맥스소프트,성남 분당구,https://kr.indeed.com/viewjob?jk=91a52c936ba47b1a
IT분야 개발자,토이코스,세종특별자치시 세종,https://kr.indeed.com/viewjob?jk=247c20e6a6a0f678
AI Frameworks Engineer Intern,Intel,서울,https://kr.indeed.com/viewjob?jk=74dd680945a195f3
[뉴플랫폼기술] Kubernetes Engineer,한국카카오은행,성남 분당구,https://kr.indeed.com/viewjob?jk=ceb7434f8a6eb30c
전문연구요원 (병역특례) 수시 (AI / SW 분야),딥엑스,성남 분당구,https://kr.indeed.com/viewjob?jk=d83fc0dd2641f483
[BLive Div.] Data Analyst (경력 무관),크래프톤,성남 분당구,https://kr.indeed.com/viewjob?jk=bc0b04229959306a
"[광고 추천] 데이터 사이언스, 머신러닝 전문가 영입",카카오,성남 판교역,https://kr.indeed.com/viewjob?jk=62207843f8aee746
Data Scientist,KB데이타시스템,서울 마포구,https://kr.indeed.com/viewjob?jk=9c30497c087dbdbb
System Engineer (토스뱅크),비바리퍼블리카,서울 강남구,https://kr.indeed.com/viewjob?jk=d3a063a898d727cc
Digital Healthcare(Digital Therapeutics R&D - AI 모델 개발) 경력,SK바이오팜,성남 분당구,https://kr.indeed.com/viewjob?jk=3d5088b1ada7a628
ML/DL Data Scientist,현대카드 캐피탈,서울 영등포구,https://kr.indeed.com/viewjob?jk=8d82ffc3587320ea
[MUSMA] IT 솔루션 스타트업 Data Science 팀원,무스마,서울,https://kr.indeed.com/viewjob?jk=7c13920359c16bdc
BRAIN Research Intern,WorldQuant,서울,https://kr.indeed.com/viewjob?jk=b0d41c1e1d898321
[포티투마루] 인공지능(AI) 개발자 전 부문,포티투마루,서울 서초구,https://kr.indeed.com/viewjob?jk=22ffe020e40de675
Data 분야 경력,LG CNS,서울,https://kr.indeed.com/viewjob?jk=6d86e9f32d31c84f
[전문연구요원] 의료영상 리서치 엔지니어 정규직,메디픽셀,서울 마포구,https://kr.indeed.com/viewjob?jk=3544467a7b64376f
[웹젠] 보안분석(경력),웹젠,성남 분당구,https://kr.indeed.com/viewjob?jk=d5288a61691c7502
[외국계 스타트업 미소] Business Analyst,유한회사 미소,서울,https://kr.indeed.com/viewjob?jk=51df90967b46e8f0
[플레이채팅 유닛(CIC)] 서버 개발자 영입,카카오,성남 판교역,https://kr.indeed.com/viewjob?jk=9df58c398b9780b3
"환경차 배터리시스템 설계[연구원, 책임연구원]",현대자동차그룹,대한민국,https://kr.indeed.com/viewjob?jk=1d55fbea790acdc3
금융 AI (시장 미시구조 분야) 연구 개발자 모집,엔씨소프트,성남 판교역,https://kr.indeed.com/viewjob?jk=4776fb5f48f78d93
[실내배송로봇 연구개발] - Robotics Software Engineer 외,로보티즈,서울 강서구,https://kr.indeed.com/viewjob?jk=4d847e236cb125dd
[정보보안] 침해대응[매니저],현대자동차그룹,대한민국,https://kr.indeed.com/viewjob?jk=bf926e1e103f39b1
SCM혁신 신입/경력 사원 공개채용,유한킴벌리,서울 신천동,https://kr.indeed.com/viewjob?jk=c759fe51adbc3ea1
Deep Learning Library 개발자,사피온코리아,성남 분당구,https://kr.indeed.com/viewjob?jk=ecb453d856c16f62
기술 문서 작성 전문가,딥엑스,성남 분당구,https://kr.indeed.com/viewjob?jk=44f52ea73a6d25da
[선행기술원] 연구개발기술분석 _ SW기술분석[책임연구원],현대자동차그룹,성남 판교역,https://kr.indeed.com/viewjob?jk=a9d6aef90ddf9323
R&D Center AI Deep Learning Researcher AI 딥러닝 연구원 (전문연구요원),클레온,서울 성동구,https://kr.indeed.com/viewjob?jk=d50ec733dc9580e2
Software Engineer,Google,서울,https://kr.indeed.com/viewjob?jk=0cb4a784529cb1b8
[개발자 ] 빅데이터플랫폼 / Python 개발 경력자,핸디소프트,안양 동안구,https://kr.indeed.com/viewjob?jk=f6e8740c369a1a55
[SNOW] 렌더링 엔진 개발자,스노우,성남 분당구,https://kr.indeed.com/viewjob?jk=3dc3c01d7b34255a
딥러닝 AI 개발 연구원,베이리스,성남 수정구,https://kr.indeed.com/viewjob?jk=87309d3ff40ead61
NPU 런타임 SW 엔지니어,딥엑스,성남 분당구,https://kr.indeed.com/viewjob?jk=35c2ac41489508c1
"영상처리, 컴퓨터 비전 전문가 (신입/경력)",에바,성남 수정구,https://kr.indeed.com/viewjob?jk=2642a83874ea6bab
2022년 ICT이노베이션스퀘어 인공지능(AI)/블록체인 3기 교육생,한국정보기술서비스산업협회,서울,https://kr.indeed.com/viewjob?jk=c47568a5a71d438e
"AI연구원(NLP, CV) (일6시간, 주5일)",웨인힐스벤처스,서울 강서구,https://kr.indeed.com/viewjob?jk=1826a21949fcd32b
Machine Learning Engineer Intern - Korea,MOLOCO,서울,https://kr.indeed.com/viewjob?jk=69d3cc2cca262747
Data Engineer 신입사원,플리토,서울 강남구,https://kr.indeed.com/viewjob?jk=5ab0b45dfa93411b
코미코 데이터 사이언티스트,NHN,성남 판교역,https://kr.indeed.com/viewjob?jk=69841dcbaf5ae4a6
[디엠씨코넷] 빅데이터 예측분석과 모델링 활용한 서비스 개발자 양성과정 교육생,링크드코리아,서울,https://kr.indeed.com/viewjob?jk=9fec0388c43ded76
[인턴십] 센서 실험실 엔지니어 (12개월),인피니언코리아,서울 강남구,https://kr.indeed.com/viewjob?jk=1a58bbde08918b54
"웹개발, HTML·DHTML·mHTML 외 신입/경력 계약직",한국 1778생활과학,세종특별자치시 세종,https://kr.indeed.com/viewjob?jk=bf424cfbae442361
Software Engineer Intern,Intel,서울,https://kr.indeed.com/viewjob?jk=8ab99f09dbabedc5
카카오 전체의 계정 플랫폼을 만들 서버개발자 모집,카카오,성남 판교역,https://kr.indeed.com/viewjob?jk=1399ee2f387a27dd
리눅스 및 윈도우 개발자,안랩,성남 분당구,https://kr.indeed.com/viewjob?jk=9dd848427bffac03
"R&D Engineer, Sr Staff",Synopsys,경기도 성남,https://kr.indeed.com/viewjob?jk=3baeeb38be431566
파이썬 개발자 초중급 이상,데이터앤솔루션,서울 서초구,https://kr.indeed.com/viewjob?jk=d158e683dc0b7500
[11번가] 리테일 상품 Selection Planning 담당자,십일번가,서울 중구,https://kr.indeed.com/viewjob?jk=c6abf7f3c7f6b984
프론트엔드 개발자/디자이너/기획/마케터 정직원,마이플래닛,성남 수정구,https://kr.indeed.com/viewjob?jk=e742db63ad7e269f
경복대학교 혁신지원사업단,경복대학교,경기도 포천,https://kr.indeed.com/viewjob?jk=bd15e84f83648ad8
시니어 백엔드 개발자(Python),FASTFIVE,서울 강남구,https://kr.indeed.com/viewjob?jk=fae823e1abcdb5f4
[농심ENG] 신입/경력사원 정기채용,농심그룹,서울 신대방동,https://kr.indeed.com/viewjob?jk=1d0e51e2e431995b
2022년 7월 경력사원 (설비기술),LG에너지솔루션,충청북도 청주,https://kr.indeed.com/viewjob?jk=c7ebd04f9b357fea
금융 AI (시장 이해) 연구 개발자 모집,엔씨소프트,성남 판교역,https://kr.indeed.com/viewjob?jk=12364d487c1288ca
개발 인프라 구축 및 운영 담당자,안랩,성남 분당구,https://kr.indeed.com/viewjob?jk=d584f81f03fa0403
Graduate Student Intern,Intel,서울,https://kr.indeed.com/viewjob?jk=b7e9e9d0811a05bd
Application Engineer Korea,IMS Nanofabrication,충청북도 청주,https://kr.indeed.com/viewjob?jk=b81ddcc3978545fa
"인포테인먼트 기획[연구원, 책임연구원]",현대자동차그룹,서울 강남구,https://kr.indeed.com/viewjob?jk=443ec988734171bc
Software Engineer,GE Healthcare,경기도 성남,https://kr.indeed.com/viewjob?jk=13b675c6f73ff110
하반기 신입(채용 연계형 인턴) 수시채용,홈앤쇼핑,서울 마곡동,https://kr.indeed.com/viewjob?jk=79fb95da6dff4025
웹 스크래핑 개발자 영입,카카오페이,성남 분당구,https://kr.indeed.com/viewjob?jk=9599ecb61b39136a
[램플코딩학원] 온오프라인 코딩 강사,밸류에잇 벤처스,대전 서구,https://kr.indeed.com/viewjob?jk=3415a2ec10f41d98
"[대기업] 딥러닝 (AI, 영상인식) 전문가 (석박사급)",비에이블컨설팅그룹,서울,https://kr.indeed.com/viewjob?jk=4dbb7e94a2ac3b81
"스팸 및 어뷰징 분석/대응(서버개발, 머신러닝)",카카오,성남 판교역,https://kr.indeed.com/viewjob?jk=8e8514f7d5b659f6
8퍼센트 개발자 (신입/경력),8퍼센트,서울 종로구,https://kr.indeed.com/viewjob?jk=8af26b37623864c4
셀프 인테리어 위한 AI 플랫폼 서비스 개발자,서르,성남 분당구,https://kr.indeed.com/viewjob?jk=0a57a69a13126ff5
[Cartier] Data Analyst,Cartier,서울,https://kr.indeed.com/viewjob?jk=26c133b0874ce9ce
[디엠씨코넷] 메타버스 구축 위한 XR 콘텐츠 프로그래밍 과정 교육생,링크드코리아,서울,https://kr.indeed.com/viewjob?jk=d53ce378550fadd9
데이터 기반 의사결정 지원 서비스 개발자 모집,카카오,성남 판교역,https://kr.indeed.com/viewjob?jk=147950fbb2b36ce3
생명정보학 부문 박사졸 선임연구원 정규직 정규직,카이팜,서울 서대문구,https://kr.indeed.com/viewjob?jk=3cd339cf8959f44d
BRAIN Researcher,WorldQuant,서울,https://kr.indeed.com/viewjob?jk=e68d3e5ddd3fd104
"Deep Learning Engineer 딥러닝 엔지니어 계약직, 전문연구요원 전문연",클레온,서울 성동구,https://kr.indeed.com/viewjob?jk=7b0b1d6bf1b37ed4
[포티투마루] 인공지능(AI) 챗봇사업부 전 직군,포티투마루,서울 서초구,https://kr.indeed.com/viewjob?jk=a92b737cbbdf425f
스마트 교통 시스템 S/W 개발자 (신입),몹티콘,서울 구로구,https://kr.indeed.com/viewjob?jk=b3206850d3155b47
"Customer Engineer, Data Analytics, Google Cloud",Google,서울,https://kr.indeed.com/viewjob?jk=4800ed0bd1febca9
[정보보안] 모의해킹[책임매니저],현대자동차그룹,대한민국,https://kr.indeed.com/viewjob?jk=78e77be539dbf026
응용 프로그래머,더원제어계측,포항 북구,https://kr.indeed.com/viewjob?jk=63fbc0bc57e24943
"[IT] 서버 엔지니어[매니저, 책임매니저]",현대자동차그룹,대한민국,https://kr.indeed.com/viewjob?jk=d4d03b82f1fd02af
IT 인프라 운영 도구 개발,NHN Cloud,성남 판교역,https://kr.indeed.com/viewjob?jk=ba6a0ebb6ad9cd18
Software Engineer,Maxim Integrated,서울,https://kr.indeed.com/viewjob?jk=4dc59712378908df
[통합예약솔루션사업부문] 웹 서비스/운영 주니어 개발자. 경력직,에이치투오호스피탈리티,서울 강남구,https://kr.indeed.com/viewjob?jk=77bd7c75f9015ecf
[신입/경력] 의료영상/음성인식/생체신호 연구원,뷰노코리아,서울 서초구,https://kr.indeed.com/viewjob?jk=c35e9b72a11aa338
클라우드 보안 엔지니어,뱅크샐러드,서울 영등포구,https://kr.indeed.com/viewjob?jk=1821f45d4b71b3d8
HR Data Analyst,에스케이머티리얼즈,서울,https://kr.indeed.com/viewjob?jk=5875aa3e46b4f383
(주)작당모의 앱 개발자,작당모의,서울 서초구,https://kr.indeed.com/viewjob?jk=bec33b19427238a4
데이터 엔지니어/클라우드 엔지니어/데이터 플랫폼 개발분야 경력사원,LG전자,서울특별시,https://kr.indeed.com/viewjob?jk=f870e8c6ab4babcf
"AI: 데이터분석 통한 예측모델링, 알고리즘, 개인화 추천 전문가 (과장/대리급), TOP금융그룹 투자",코어포인트,서울 영등포구,https://kr.indeed.com/viewjob?jk=228e6b23849c5128
2022년 7월 경력사원 (SCM),LG에너지솔루션,서울,https://kr.indeed.com/viewjob?jk=08c907cde463d712
[11번가] 빅데이터 처리 시스템 개발 분야,십일번가,서울 중구,https://kr.indeed.com/viewjob?jk=42f931a3af46e1cd
카카오 전사QA 모집,카카오,성남 판교역,https://kr.indeed.com/viewjob?jk=9d0aa83c1e8f086e
2022년 7월 경력사원 (구매),LG에너지솔루션,서울,https://kr.indeed.com/viewjob?jk=4bd25141ca1b8639
[2022 전문연구요원] AI R&D - Language AI,엔씨소프트,성남 판교역,https://kr.indeed.com/viewjob?jk=192c20f6f0f64ab3
금융 AI (투자 전략) 연구 개발자 모집,엔씨소프트,성남 판교역,https://kr.indeed.com/viewjob?jk=d5d5600ca2b08f72
2022년 7월 경력사원 (품질),LG에너지솔루션,충청북도 청주,https://kr.indeed.com/viewjob?jk=04d60adf36c8602d
2022년 7월 경력사원 (공술),LG에너지솔루션,충청북도 청주,https://kr.indeed.com/viewjob?jk=8427ee2005e15603
소프트웨어(SW) 개발,리버트론,서울 영등포구,https://kr.indeed.com/viewjob?jk=21a968652918907e
한국통계정보원 통계 분야 직원(경력),재단법인 한국통계정보원,대전 서구,https://kr.indeed.com/viewjob?jk=3f942ebf840f7acd
[11번가] 데이터 아키텍처 분야,십일번가,서울 중구,https://kr.indeed.com/viewjob?jk=5da880ec62889daf
[마비노기모바일] 연구 개발 프로그래머,데브캣,서울 강남구,https://kr.indeed.com/viewjob?jk=f0c7c08485085240
서버 개발자 Python(Django) Developer (경력),아테나스랩,서울 마포구,https://kr.indeed.com/viewjob?jk=53c7c22b9dacbbe3
[주4.5일] 딥러닝 연구 개발자,인라이플,서울 구로구,https://kr.indeed.com/viewjob?jk=b7404340e4697466
금융공학연구소 신입/경력 (전문연구요원 포함) ~7/17(일) 마감,연합인포맥스,서울 종로구,https://kr.indeed.com/viewjob?jk=6a483ff92a30fbb9
2022년 7월 경력사원 (제조지능화),LG에너지솔루션,충청북도 청주,https://kr.indeed.com/viewjob?jk=26e18b8d1527c4da
ITエンジニア,(株)ecoletree,서울,https://kr.indeed.com/viewjob?jk=547f3779e9910dfa
데이터 전문가(모델러/분석가/엔지니어) 모집,카카오,성남 판교역,https://kr.indeed.com/viewjob?jk=ac9068957c550cb3
[SW개발] AI 알고리즘 엔지니어 계약직 담당자 (경력/계약),케이씨텍,경기도 화성,https://kr.indeed.com/viewjob?jk=83dcb6b238b71998
악성코드 및 엔드포인트 보안 엔지니어 모집,카카오,성남 판교역,https://kr.indeed.com/viewjob?jk=5776f077ba7b8529
AI 비정형 모델 개발,신한에이아이,서울 영등포구,https://kr.indeed.com/viewjob?jk=5b94564df8d37e65
[인재 Pool / 상시 / 신입] R&D 박사,앰코테크놀로지코리아,인천 연수구,https://kr.indeed.com/viewjob?jk=effbbb23f6fae87d
[신입] 미래 인재 DB,현대오토에버,서울,https://kr.indeed.com/viewjob?jk=661cf773d598862b
Machine Learning R&D 연구원,카이어,서울 서초구,https://kr.indeed.com/viewjob?jk=19da3484bd7a72f1
Python Developer (Internal Product),비바리퍼블리카,서울 강남구,https://kr.indeed.com/viewjob?jk=dc05a8dff101cd4a
Data Analyst,Toss,서울,https://kr.indeed.com/viewjob?jk=908837db33774c3e
KAIST 문화기술연구소 비주얼미디어연구실(노준용 교수) 연수연구원(Post-doc) 모집 공고,카이스트,대전 유성구,https://kr.indeed.com/viewjob?jk=ce90ce8908071fe6
Software,ASML,대한민국,https://kr.indeed.com/viewjob?jk=c7c700a8d7bd4b6e
Software Engineer - Python and K8s,Canonical - Jobs,서울,https://kr.indeed.com/viewjob?jk=9e154b5b00d09b31
R&D분야 경력사원 (마곡/대전),LG화학,서울특별시,https://kr.indeed.com/viewjob?jk=5a08e103f073e6b1
5G RAN R&D 소프트웨어 개발자 신입/경력 (0명 채용),Ericsson,서울,https://kr.indeed.com/viewjob?jk=a9dc1b541530f1d2
[IT] 경영지원 분야 빅데이터 분석(데이터 사이언티스트)[매니저],현대자동차그룹,대한민국,https://kr.indeed.com/viewjob?jk=579c7166d9139d58
PM(서비스/개발),현대카드 캐피탈,서울 영등포구,https://kr.indeed.com/viewjob?jk=bfdab41ec9b9469f
"Data Scientist, Mid",Booz Allen Hamilton,경기도 평택,https://kr.indeed.com/viewjob?jk=c5134343b5cb05e0
[AI R&D] Language AI(NLP) Research 분야 수시(22년2차) 모집,엔씨소프트,성남 판교역,https://kr.indeed.com/viewjob?jk=e3317c0f4c0e4e13
딥엑스 NPU SDK (DXNN) 개발 엔지니어,딥엑스,성남 분당구,https://kr.indeed.com/viewjob?jk=8e91aa6c93de1790
데이터 엔지니어 및 사이언티스트,카카오,성남 판교역,https://kr.indeed.com/viewjob?jk=d8a8869ab092f731
R&D 개발 신입 채용,연합인포맥스,서울 수송동,https://kr.indeed.com/viewjob?jk=90fbc1c2488bed24
[IT] 고객데이터 서비스 플랫폼 기획[책임매니저],현대자동차그룹,대한민국,https://kr.indeed.com/viewjob?jk=3a7627d63e147bb0
빅데이터 센터 IT 경력직/신입 채용공고,한림대학교성심병원,대한민국,https://kr.indeed.com/viewjob?jk=502af034f2e83e4f
IT Ops Engineer,비바리퍼블리카,서울 강남구,https://kr.indeed.com/viewjob?jk=2cd6860adc411a59
"Mondrian AI개발자 (Web, 프론트엔드, 백엔드)",몬드리안에이아이,인천 연수구,https://kr.indeed.com/viewjob?jk=371a62fc01c63519
[데이터 프로덕트] 데이터 엔지니어 모집,카카오,성남 판교역,https://kr.indeed.com/viewjob?jk=f94fd2fd0e93cb5c
[NHN DATA] 데이터처리 플랫폼 개발자 경력,엔에이치엔데이터,성남 분당구,https://kr.indeed.com/viewjob?jk=71ddb237f5156dc7
[NHN SOFT] Back-End 경력 개발자,엔에이치엔소프트,성남 분당구,https://kr.indeed.com/viewjob?jk=3617e30a1af44426
[디엠씨코넷] 지능형 로봇 서비스 개발 위한 소프트웨어 개발자 양성 & 취업연계 과정 교육생,링크드코리아,대전,https://kr.indeed.com/viewjob?jk=b7e3530400277d27
[NAVER Cloud] MLOps 서비스 개발,네이버클라우드,성남 분당구,https://kr.indeed.com/viewjob?jk=df89a191c84f2995
"[양재역] AI/빅데이터 Data Scientist (석,박사)",시니어앤파트너즈,서울 서초구,https://kr.indeed.com/viewjob?jk=bdcfb8150f3beed4
[중견코스닥] 기술혁신 팀장급,커리어서포트,청주 청원구,https://kr.indeed.com/viewjob?jk=693d69ffcb5aa90d
DNN 모델 개발 엔지니어,딥엑스,성남 분당구,https://kr.indeed.com/viewjob?jk=303d8c644a5f2e0f
Technical Support Engineering-AKS,Microsoft,서울,https://kr.indeed.com/viewjob?jk=6d4c339f382395ab
백엔드 개발자,신한에이아이,서울 영등포구,https://kr.indeed.com/viewjob?jk=7328ad393e24a4df
블록체인 기반 신규 서비스 개발자 (신입/경력),게임빌컴투스플랫폼,서울 금천구,https://kr.indeed.com/viewjob?jk=5ad569709941c60f
패션고 추천 플랫폼 개발/데이터 엔지니어링,NHN FashionGo korea,성남 판교역,https://kr.indeed.com/viewjob?jk=135ebaa09a535c7e
[IPSOS] 온라인 버즈 빅데이터 분석 경력 연구원/인턴,입소스 (IPSOS),서울 중구,https://kr.indeed.com/viewjob?jk=177f5e94adccf4dc
기술 인턴 인공지능 응용 연구/개발 인턴,써로마인드로보틱스,서울 관악구,https://kr.indeed.com/viewjob?jk=71c47ac87bb4087e
[NAVER Cloud] Media 서비스 개발,네이버클라우드,성남 분당구,https://kr.indeed.com/viewjob?jk=c7f844f9e68deab7
[Env스튜디오] DX/EX 플랫폼 솔루션/시스템 엔지니어,한국카카오은행,성남 분당구,https://kr.indeed.com/viewjob?jk=428506f80286b27a
자산운용팀 전략/리스크팀 퀀트(겨울방학 인턴),마이퍼스트에셋자산운용,대한민국,https://kr.indeed.com/viewjob?jk=872035f47cfd4850
AI Research Engineer Intern,Intel,서울,https://kr.indeed.com/viewjob?jk=ad695cb2c767be8b
[외국계 스타트업 미소] Data Analyst,유한회사 미소,서울,https://kr.indeed.com/viewjob?jk=ec5c7ccd76639120
[환경부 제26기] 2022년 물산업 미래인재 양성과정 교육생,한국상하수도협회,서울,https://kr.indeed.com/viewjob?jk=14f19ddfc9e81ee5
"전사 협업 플랫폼(Jira, Confluence, Slack) 운영 담당자 영입",카카오페이,성남 백현동,https://kr.indeed.com/viewjob?jk=05a2b906f5c7b51e
[11번가] 금융플랫폼 Back-End Server 개발 분야,십일번가,서울 중구,https://kr.indeed.com/viewjob?jk=3e31e1e9c95db3ed
AI Edge Device 임베디드 SW 개발자,디텍,성남 분당구,https://kr.indeed.com/viewjob?jk=c354016a4b230115
응용소프트웨어 신입 경력 초빙,쿠노소프트,서울 성북구,https://kr.indeed.com/viewjob?jk=8939aa3561d700c2
[잔디소프트] 게임 기획 신입/경력 정규직,잔디소프트,서울 영등포구,https://kr.indeed.com/viewjob?jk=ae0404f85ccc2ddb
[신용리스크모델링 Intern] 개인 신용평가모형 개발 및 운영직(채용 연계형),카카오뱅크,성남 삼평동,https://kr.indeed.com/viewjob?jk=45ef50c3481fd92f
Blockchain Game Service Server Engineer,라인넥스트,성남 분당구,https://kr.indeed.com/viewjob?jk=d8bf0b3f566b88f8
[NIT Service] 네이버 파이낸셜 플랫폼 운영,엔아이티서비스,성남 분당구,https://kr.indeed.com/viewjob?jk=1961a1ecccb03336
가상자산 트레이딩 / 시스템 개발자,블록투리얼,서울 강남구,https://kr.indeed.com/viewjob?jk=c04680232735292a
게임 UI Framework 웹 에디터와 서비스를 개발할 프론트엔드 프로그래머 모집,엔씨소프트,성남 판교역,https://kr.indeed.com/viewjob?jk=104dc81632318307
[IT] 검색 데이터 엔지니어[책임매니저],현대자동차그룹,대한민국,https://kr.indeed.com/viewjob?jk=dd81492d39bcef63
Data Scientist,듀폰코리아,충청남도,https://kr.indeed.com/viewjob?jk=08e3c6a4990ab079
[KSTEC] 디지털 업무 자동화 개발자(RPA 등) 신입/경력,지식시스템,성남 분당구,https://kr.indeed.com/viewjob?jk=e2b034fe6bd24164
클라우드 분야 경력,LG CNS,서울,https://kr.indeed.com/viewjob?jk=8a6b6ce0b31ec8d4
AI Frameworks Engineer,Intel,서울,https://kr.indeed.com/viewjob?jk=07aab0cc98af9ffe
AI 분야 경력직 추가 채용,SK에코플랜트,서울 종로구,https://kr.indeed.com/viewjob?jk=a97c64d23628727b
ML Engineer (토스뱅크),비바리퍼블리카,서울 강남구,https://kr.indeed.com/viewjob?jk=532a746d4eb5df7a
"Actuary, IFRS 17 & K-ICS & Valuation",Munich Re,서울,https://kr.indeed.com/viewjob?jk=4913ff12c6e9d03d
Data Scientist,Applied Materials,대한민국,https://kr.indeed.com/viewjob?jk=4b1765c4f3ce8631
카카오커머스 데이터 분석 엔지니어 모집,카카오,성남 판교역,https://kr.indeed.com/viewjob?jk=7cf54cae7c39d652
컴파일러 엔지니어(딥엑스),딥엑스,성남 분당구,https://kr.indeed.com/viewjob?jk=1b43aff116704c72
Developer Associate,SAP,서울,https://kr.indeed.com/viewjob?jk=fc6792be1be1e902
[TmaxTibero/기술] DBMS 제품 QA,티맥스소프트,성남 분당구,https://kr.indeed.com/viewjob?jk=0642511fec226f0f
3C코딩강사 양성과정 교육생,경기도일자리재단,경기도 의정부,https://kr.indeed.com/viewjob?jk=35fa3cf9296c03fe
[IT] 빅데이터 엔지니어[책임매니저],현대자동차그룹,대한민국,https://kr.indeed.com/viewjob?jk=d2bd6281a9514533
"[리얼클래스]백엔드 개발자 (Backend Developer, Python)",퀄슨,서울 강남구,https://kr.indeed.com/viewjob?jk=7a3bd948cb37d9bf
대학생인턴십 2기 모집,LG에너지솔루션,서울 영등포구,https://kr.indeed.com/viewjob?jk=d1d26bc871719fe2
AI 모빌리티 서비스의 미래 함께 열어갈 우수한 인재 찾습니다.,라온로드,성남 분당구,https://kr.indeed.com/viewjob?jk=5133adebeb209d23
[데이터 프로덕트] MLOps 개발자,카카오,성남 판교역,https://kr.indeed.com/viewjob?jk=ca5b2f6d10c6f5b2
[데이터 프로덕트] 실험(A/B Test) 분석가 모집,카카오,성남 판교역,https://kr.indeed.com/viewjob?jk=cdfd2d3169fac6f0
딥러닝 알고리즘 및 응용 Engineer,딥엑스,성남 분당구,https://kr.indeed.com/viewjob?jk=35f0a25dee5f3312
머신러닝 엔지니어 모집,카카오,성남 판교역,https://kr.indeed.com/viewjob?jk=269f9a96319ef19a
[2022 전문연구요원] AI R&D – Applied AI,엔씨소프트,성남 판교역,https://kr.indeed.com/viewjob?jk=c84864913fef0259
"[누리어시스템] 금융 SI/SM 정규직 개발자 (Java, Python)",누리어시스템,경기도 하남,https://kr.indeed.com/viewjob?jk=8e01d12718384a31
[클라우드플랫폼실] System Engineering팀 클라우드 엔지니어,야놀자,서울 강남구,https://kr.indeed.com/viewjob?jk=4ae5eb5bb613a826
"Windows, JAVA 외 신입/경력 정규직",올에이아이,성남 수정구,https://kr.indeed.com/viewjob?jk=78efdb987e347e33
(경력) 데이터베이스 개발 및 어플리케이션 유지관리 및 개발,디엠시스템,성남 중원구,https://kr.indeed.com/viewjob?jk=2d17948c17f2d102
데이터분석 전문가 모집,11번가,서울 남대문로5가,https://kr.indeed.com/viewjob?jk=e6f79134827d23a7
Altibase 엔지니어 영입,카카오페이증권,성남 분당구,https://kr.indeed.com/viewjob?jk=4b9f9b3d50350554
데이터센터 네트워크 엔지니어 모집,카카오,성남 판교역,https://kr.indeed.com/viewjob?jk=c8f6ca1e2398530d
"데이터베이스개발자, 웹개발 신입/경력 정규직",여의도사람들,서울 영등포구,https://kr.indeed.com/viewjob?jk=e91b5984e7f5d3fd
네트워크 보안 담당자 채용,케이뱅크은행,서울 중학동,https://kr.indeed.com/viewjob?jk=65d17e4704beb445
"(보충역) 개발자(python, javascript, php등) 및 Network운영자",아틀라스네트웍스,서울,https://kr.indeed.com/viewjob?jk=f3b252243810377e
[CJ Olivenetworks/경력] AI연구소 AI/ML 연구/개발(Data Scientist),씨제이올리브네트웍스,서울 용산구,https://kr.indeed.com/viewjob?jk=a2cedc04f48a862d
데이터처리 플랫폼 개발자,NHN DATA,성남 판교역,https://kr.indeed.com/viewjob?jk=e764b919165b8d3e
AI Research Engineer,Intel,서울,https://kr.indeed.com/viewjob?jk=b22adf00b47eaa32
,주식회사 비즈부스터,서울>금천구,https://job.incruit.com/jobdb_info/jobpost.asp?job=2105060004901
파이썬 개발자 초중급 이상 모집합니다.,(주)데이터앤솔루션,서울>서초구 외,https://job.incruit.com/jobdb_info/jobpost.asp?job=2012230000193
,(주)비바리퍼블리카,서울>강남구,https://job.incruit.com/jobdb_info/jobpost.asp?job=2207040001574
,주식회사 액스,서울>서초구,https://job.incruit.com/jobdb_info/jobpost.asp?job=2207110003632
,(주)바인테크,서울>송파구,https://job.incruit.com/jobdb_info/jobpost.asp?job=2201100005848
,(주)드림어스컴퍼니,서울>서초구,https://job.incruit.com/jobdb_info/jobpost.asp?job=2205200000756
,(주)경일게임아카데미,서울>강동구,https://job.incruit.com/jobdb_info/jobpost.asp?job=2207020001256
데이터 수집(파이썬 기반 스크래핑),신한에이아이,서울>영등포구,https://job.incruit.com/jobdb_info/jobpost.asp?job=2206210004012
파이썬 서버(백엔드) 개발자 채용,(주)알고리즘랩스,대전>유성구,https://job.incruit.com/jobdb_info/jobpost.asp?job=2202070003999
,(주)에이젠글로벌,서울>영등포구,https://job.incruit.com/jobdb_info/jobpost.asp?job=2204250007512
,(주)하몬소프트,서울>금천구,https://job.incruit.com/jobdb_info/jobpost.asp?job=2204250005873
,아테나스랩(주),서울>마포구,https://job.incruit.com/jobdb_info/jobpost.asp?job=2205300007455
,아테나스랩(주),서울>마포구,https://job.incruit.com/jobdb_info/jobpost.asp?job=2205280000101
"초.중.고등학생 코딩 강사 모집 (스크래치, C언어, 파이썬 수업)",코딩하는아이들컴퓨터학원,서울>은평구,https://job.incruit.com/jobdb_info/jobpost.asp?job=2207050008378
,주식회사 핸디소프트,경기>안양시 동안구,https://job.incruit.com/jobdb_info/jobpost.asp?job=2206140006721
,(주)애나,인천>연수구,https://job.incruit.com/jobdb_info/jobpost.asp?job=2204250008353
,(주)누리기술,대구>수성구,https://job.incruit.com/jobdb_info/jobpost.asp?job=2205180001776
,주식회사 퀄슨,서울>강남구,https://job.incruit.com/jobdb_info/jobpost.asp?job=2206230002930
,(주)이지서티,서울>강남구 외,https://job.incruit.com/jobdb_info/jobpost.asp?job=2207110002697
** 보충역 / 파이썬 개발 / 웹&앱 서비스 개발 사원 모집,(주)에잇퍼센트,서울 외,https://job.incruit.com/jobdb_info/jobpost.asp?job=2207060005153
,(주)누리어시스템,경기>하남시,https://job.incruit.com/jobdb_info/jobpost.asp?job=2206070004959
,(주)에스씨에이아카데미혜화,서울 외,https://job.incruit.com/jobdb_info/jobpost.asp?job=2112200003928
,(주)쿠노소프트,서울>성북구,https://job.incruit.com/jobdb_info/jobpost.asp?job=2107190004029
,주식회사 시대의영웅,서울>강서구,https://job.incruit.com/jobdb_info/jobpost.asp?job=2207080006856
,(주)아틀라스네트웍스,서울 외,https://job.incruit.com/jobdb_info/jobpost.asp?job=2207040007554
"직업훈련기관 빅데이터, 사물인터넷, 자바, 파이썬 훈련교사 모집(직업훈련교사 자격 필수)",주식회사 엠아이티능력개발원,경기>수원시 권선구,https://job.incruit.com/jobdb_info/jobpost.asp?job=2207070004930
"휴마니타스(주) [서울지사] 개발자 모집 / PHP(3년이상), MySQL, 파이썬",휴마니타스,서울>강서구,https://job.incruit.com/jobdb_info/jobpost.asp?job=2207050011184
,(주)라임프렌즈,서울>금천구,https://job.incruit.com/jobdb_info/jobpost.asp?job=2207070007078
"영상처리, 컴퓨터 비전 전문가 모집 (신입/경력)",(주)에바,경기>성남시 수정구,https://job.incruit.com/jobdb_info/jobpost.asp?job=2112230002012
"S/W 엔지니어, 데이터분석 신입/경력 정규직, 인턴 채용",(주)가치랩스,경기>성남시 분당구,https://job.incruit.com/jobdb_info/jobpost.asp?job=2107020004847
백엔드(경력 3년 이상) 개발자 모집/  판교,(주)서울소프트,경기>성남시 분당구,https://job.incruit.com/jobdb_info/jobpost.asp?job=2206030008304
백엔드(경력 3년 이상) 개발자 모집/ 충주,(주)서울소프트,충북>충주시 외,https://job.incruit.com/jobdb_info/jobpost.asp?job=2206030008204
백엔드(경력 3년 이상) 개발자 모집/ 가산,(주)서울소프트,서울,https://job.incruit.com/jobdb_info/jobpost.asp?job=2206030008266
[마블러스] 백엔드 개발자 주니어/시니어 채용,(주)마블러스,재택근무,https://job.incruit.com/jobdb_info/jobpost.asp?job=2206050000002
"응용sw개발, 영상처리 S/W 외 신입/경력 정규직, 계약직, 인턴 채용",(주)디지트랙,대구>달성군,https://job.incruit.com/jobdb_info/jobpost.asp?job=2207130000516
"비전인식, 머신러닝 외 신입/경력 정규직 채용",(주)에이아이딥,서울>강남구,https://job.incruit.com/jobdb_info/jobpost.asp?job=2204140000862
[아키텍처팀] AI엔지니어 채용,(주)씨에스리,서울>마포구,https://job.incruit.com/jobdb_info/jobpost.asp?job=2203300003748
소프트웨어개발자(정규직) 신입/경력 정규직 채용 병역특례전문요원가능업체,(주)지브레인,인천>연수구,https://job.incruit.com/jobdb_info/jobpost.asp?job=2112300001457
[KBS미디어] 계약직 경력사원 웹 개발 모집,KBS미디어(주),서울>마포구,https://job.incruit.com/jobdb_info/jobpost.asp?job=2206100008160
(주)작당모의 앱 개발자 채용,(주)작당모의,서울>서초구,https://job.incruit.com/jobdb_info/jobpost.asp?job=2109130001390
[현장코칭] (주)작당모의 앱 개발자 채용,(주)작당모의,서울>서초구,https://job.incruit.com/jobdb_info/jobpost.asp?job=2109130001393
[(주) 쇼엠] 프로그래머 채용,주식회사 쇼엠,인천>연수구 외,https://job.incruit.com/jobdb_info/jobpost.asp?job=2207040001568
[도약장려금] 소프트웨어 개발자 모집,(주)이루기술,서울>강서구,https://job.incruit.com/jobdb_info/jobpost.asp?job=2207040002159
기업부설연구소 연구원 경력 정규직 채용,(주)이룸에스엔에스,경기>부천시,https://job.incruit.com/jobdb_info/jobpost.asp?job=2012170004123
[NAVER Cloud] MLOps 서비스 개발,네이버클라우드 주식회사,경기>성남시 분당구,https://job.incruit.com/jobdb_info/jobpost.asp?job=2206230000374
JAVA 경력 정규직 채용,밀라노상인,서울>금천구,https://job.incruit.com/jobdb_info/jobpost.asp?job=2011300001765
[2020 대한민국 상생일자리 온라인 채용 박람회] 프로그래밍 & 사무자동화 강사 모집,등용문직업전문학교,전북>전주시 완산구,https://job.incruit.com/jobdb_info/jobpost.asp?job=2008210000910
[11번가] 검색서비스 개발 분야 모집,십일번가(주),서울>중구,https://job.incruit.com/jobdb_info/jobpost.asp?job=2207040001986
[요기요]플랫폼 콘텐츠 품질 관리자,주식회사 위대한상상,서울>서초구,https://job.incruit.com/jobdb_info/jobpost.asp?job=2206200003196
연세의과대학 컴퓨터공학전공 연구원 모집,연세대학교 산학협력단,서울>서대문구,https://job.incruit.com/jobdb_info/jobpost.asp?job=2207070003158
[NAVER Cloud] MongoDB 데이터베이스 엔지니어 (DBA),네이버클라우드 주식회사,경기>성남시 분당구,https://job.incruit.com/jobdb_info/jobpost.asp?job=2206240000626
[인공지능기업] 머신러닝 병역특례 전문연구요원 모집,주식회사 딥브레인에이아이,서울 외,https://job.incruit.com/jobdb_info/jobpost.asp?job=2105200004565
토링(주) Android/iOS 모바일 앱 개발자 모집,토링(주),서울>강남구,https://job.incruit.com/jobdb_info/jobpost.asp?job=2204250006518
[청년일자리 지원사업 참여] 기계설계 및 개발 인력 채용,(주)인하앤니즈랩,인천>미추홀구,https://job.incruit.com/jobdb_info/jobpost.asp?job=2207060002789
"Windows, JAVA 외 신입/경력 정규직 채용",주식회사 올에이아이,경기>성남시 수정구,https://job.incruit.com/jobdb_info/jobpost.asp?job=2206290003301
[인공지능기업] 풀스택 개발자 (경력),주식회사 딥브레인에이아이,서울,https://job.incruit.com/jobdb_info/jobpost.asp?job=2105200002885
응용 프로그래머 모집,더원제어계측,경북>포항시 북구,https://job.incruit.com/jobdb_info/jobpost.asp?job=2207050012349
CTI 분석 경력직 채용,에스케이쉴더스 주식회사,경기>성남시 분당구,https://job.incruit.com/jobdb_info/jobpost.asp?job=2206210002166
인공지능 헬스케어 개발자 모집,(주)닥터송,서울>강서구,https://job.incruit.com/jobdb_info/jobpost.asp?job=2204250006349
"웹개발, 백엔드 외 경력 정규직 채용",(주)아이티엔제이,울산>남구,https://job.incruit.com/jobdb_info/jobpost.asp?job=2102190000234
(경력) 데이터베이스 개발 및 어플리케이션 유지관리 및 개발,(주)디엠시스템,경기>성남시 중원구,https://job.incruit.com/jobdb_info/jobpost.asp?job=2207080007174
프론트엔드/서버 개발자 모집,에스씨인터내셔널,경기>안산시 단원구,https://job.incruit.com/jobdb_info/jobpost.asp?job=2206270003744
[(주)웨이플러스]웹 개발자 모집,(주)웨이플러스,제주>제주시,https://job.incruit.com/jobdb_info/jobpost.asp?job=2204210001457
[신입] 서명 서비스 개발,(주)안랩,경기>성남시 분당구,https://job.incruit.com/jobdb_info/jobpost.asp?job=2207080004016
지능형 선별관제 시스템 Dev-Ops 개발자 채용,(주)마크애니,서울>중구,https://job.incruit.com/jobdb_info/jobpost.asp?job=2204190000333
[디엠씨코넷] 빅데이터 예측분석과 모델링을 활용한 서비스 개발자 양성과정 교육생 모집,(주)링크드코리아,서울,https://job.incruit.com/jobdb_info/jobpost.asp?job=2206210002071
"프로그래밍, 컴퓨터 외 신입/경력 정규직, 계약직, 알바 채용",디엔씨,경북>안동시,https://job.incruit.com/jobdb_info/jobpost.asp?job=2104020004544
"AI연구원(NLP, CV) 채용합니다. (일6시간, 주5일)",주식회사 웨인힐스브라이언트 A.I,서울>강서구,https://job.incruit.com/jobdb_info/jobpost.asp?job=2204250007617
Linux/임베디드 기반 보안 솔루션 개발자 채용,(주)노르마,서울>성동구,https://job.incruit.com/jobdb_info/jobpost.asp?job=2107070005034
"목동 컴퓨터 코딩학원 교육강사 모집(정규직 및 계약직, 경력무관)",아이브코딩목동학원,서울>양천구 외,https://job.incruit.com/jobdb_info/jobpost.asp?job=2204250002526
[글로벌디지털마케팅] 데이터 분석 신입/경력 정규직 채용,콘센트릭스서비스코리아,서울>강남구,https://job.incruit.com/jobdb_info/jobpost.asp?job=2206210006680
[글로벌디지털마케팅] 데이터 엔지니어 신입/경력 정규직 채용,콘센트릭스서비스코리아,서울>용산구,https://job.incruit.com/jobdb_info/jobpost.asp?job=2206210006713
백엔드 개발자,신한에이아이,서울>영등포구,https://job.incruit.com/jobdb_info/jobpost.asp?job=2206210003939
[엑스퍼넷] 부설연구소 솔루션 지원 개발 신입/경력직 채용,(주)엑스퍼넷,서울>구로구,https://job.incruit.com/jobdb_info/jobpost.asp?job=2201250000465
[서울지사] 게임 이상 탐지 데이터분석가 모집,(주)네오플,서울>강남구,https://job.incruit.com/jobdb_info/jobpost.asp?job=2206230002076
물류로봇 응용 SW 개발자 채용(경력),주식회사 클로봇,경기>성남시 분당구 외,https://job.incruit.com/jobdb_info/jobpost.asp?job=2206200002712
(경력무관) 응용 소프트웨어 개발 및 PM 신규/경력 개발자 구인,(주)이커버스,광주>광산구,https://job.incruit.com/jobdb_info/jobpost.asp?job=2207050005182
IoT 기기 및 네트워크 취약점 점검 개발자 채용,(주)노르마,서울>성동구,https://job.incruit.com/jobdb_info/jobpost.asp?job=2107070004991
플랫폼사업팀 로봇 응용 S/W 개발자(경력),주식회사 클로봇,경기>성남시 분당구 외,https://job.incruit.com/jobdb_info/jobpost.asp?job=2206200002648
소프트웨어 개발자 신입 / 경력직 채용,네이버시스템(주),서울>송파구,https://job.incruit.com/jobdb_info/jobpost.asp?job=2204250004539
[Mobile Analytics] Data Analyst (4년 이상),(주)크래프톤,서울>강남구,https://job.incruit.com/jobdb_info/jobpost.asp?job=2206240000102
데이터 엔지니어 및 사이언티스트 (경력),주식회사 카카오,경기>성남시 분당구,https://job.incruit.com/jobdb_info/jobpost.asp?job=2207010003220
[뉴플랫폼기술] 클라우드 엔지니어(보안),한국카카오은행(주),경기>성남시 분당구,https://job.incruit.com/jobdb_info/jobpost.asp?job=2207010003098
[주4.5일] 딥러닝 연구 개발자,인라이플,서울>구로구,https://job.incruit.com/jobdb_info/jobpost.asp?job=2205090004521
셀프 인테리어를 위한 AI 플랫폼 서비스 개발자 모집,(주)서르,경기>성남시 분당구,https://job.incruit.com/jobdb_info/jobpost.asp?job=2111120001577
"S/W 엔지니어, IT기술지원 신입/경력 정규직 채용",(주)시큐어키,서울>금천구,https://job.incruit.com/jobdb_info/jobpost.asp?job=2103110003570
[AI센터] 시뮬레이션 기반 게임 연구/개발 담당,스마일게이트엔터테인먼트,경기>성남시 분당구,https://job.incruit.com/jobdb_info/jobpost.asp?job=2207010000986
"프로그래밍, 네트워크/정보보안, IoT/사물인터넷 직업훈련교사 채용",경북산업직업전문학교,대구>동구,https://job.incruit.com/jobdb_info/jobpost.asp?job=2202230007152
ML Ops 연구원 정규직 모집,(주)디비엔텍,인천>서구,https://job.incruit.com/jobdb_info/jobpost.asp?job=2204250006347
"AI개발자(NLP, CV) 채용합니다. (일6시간, 주5일)",주식회사 웨인힐스브라이언트 A.I,서울>강서구,https://job.incruit.com/jobdb_info/jobpost.asp?job=2204250007616
[BLive Div.] Data Analyst (경력 무관),(주)크래프톤,경기>성남시 분당구,https://job.incruit.com/jobdb_info/jobpost.asp?job=2206210007679
정규직 신입/경력 SW 개발자를 모집합니다.,(주)아파트엔,서울>서초구,https://job.incruit.com/jobdb_info/jobpost.asp?job=2207040011292
[빅데이터분석] 데이터 엔지니어,한국카카오은행(주),경기>성남시 분당구,https://job.incruit.com/jobdb_info/jobpost.asp?job=2207130000137
[네이버계열사][NIT Service] 네이버 파이낸셜 플랫폼 운영,엔아이티서비스 주식회사,경기>성남시 분당구,https://job.incruit.com/jobdb_info/jobpost.asp?job=2206240005771
[안산]프론트엔드/서버 개발자 모집,(주)에스씨인터내셔널,경기>안산시 단원구,https://job.incruit.com/jobdb_info/jobpost.asp?job=2207050010541
모바일 게임 서버프로그래머 모집,아울게임즈(주),인천>부평구,https://job.incruit.com/jobdb_info/jobpost.asp?job=2207050010539
LINE Messaging Anti-Abuse Data Analyst,LINE,경기>성남시 분당구,https://job.incruit.com/jobdb_info/jobpost.asp?job=2207070000125
[대기업] 데이터 엔지니어 (BI 개발) 과차장급,에이치알니즈,서울,https://job.incruit.com/jobdb_info/jobpost.asp?job=2108240004802
[11번가] 리테일 상품 Selection Planning 담당자 모집,십일번가(주),서울>중구,https://job.incruit.com/jobdb_info/jobpost.asp?job=2207130002863
"Mondrian AI개발자 모집(Web, 프론트엔드, 백엔드)",몬드리안에이아이(주),인천>연수구,https://job.incruit.com/jobdb_info/jobpost.asp?job=2204250006334
[안진회계법인] 리스크자문본부 Data Analytics 컨설팅 인턴,안진회계법인,서울>영등포구,https://job.incruit.com/jobdb_info/jobpost.asp?job=2203180001402
IT 인력을 모집합니다.,온오프링크(주),경기>고양시 일산동구,https://job.incruit.com/jobdb_info/jobpost.asp?job=2207040005289
개발 보안 및 취약점 진단,(주)고영테크놀러지,경기>용인시 수지구,https://job.incruit.com/jobdb_info/jobpost.asp?job=2206300003279
[위메프] 보안개발 엔지니어,(주)위메프,서울>강남구,https://job.incruit.com/jobdb_info/jobpost.asp?job=2206150001679
"딥러닝, 인공지능(AI) 외 신입/경력 정규직 채용",포인드(주),경북>구미시,https://job.incruit.com/jobdb_info/jobpost.asp?job=2205020000647
"AI(Deep Learning, CV) 연구원 정규직 모집",(주)디비엔텍,경기>김포시 외,https://job.incruit.com/jobdb_info/jobpost.asp?job=2204250005976
백엔드 개발자,아토머스,서울>강남구,https://job.incruit.com/jobdb_info/jobpost.asp?job=2205090001481
응용프로그램 개발 신입/경력직 모집 [병역특례(보충역) 지원가능],(주)누리랩,서울>영등포구,https://job.incruit.com/jobdb_info/jobpost.asp?job=2206210006593
교육/채용 플랫폼 개발/운영 경력 채용,한화시스템(주),서울,https://job.incruit.com/jobdb_info/jobpost.asp?job=2207120000398
[MUSMA] IT 솔루션 스타트업 Data Science 팀원 채용,(주)무스마,서울 외,https://job.incruit.com/jobdb_info/jobpost.asp?job=2207050007447
[NIT Service] 네이버 파이낸셜 플랫폼 운영,엔아이티서비스 주식회사,경기>성남시 분당구,https://job.incruit.com/jobdb_info/jobpost.asp?job=2104220004211
인공지능 솔루션 (AI Solution) 개발,(주)카이어,서울>서초구,https://job.incruit.com/jobdb_info/jobpost.asp?job=2112130003561
웹프로그래머/백엔드 개발자 모집 (신입/경력),타라소프트(주),서울>금천구,https://job.incruit.com/jobdb_info/jobpost.asp?job=2207020000640
LINE BK Lending Portfolio Analyst,라인파이낸셜플러스,경기>성남시 분당구,https://job.incruit.com/jobdb_info/jobpost.asp?job=2207050008354
업사이클링 본부/ PB팀 소프트웨어 개발자 채용,(주)벨트웨이,전남>영광군,https://job.incruit.com/jobdb_info/jobpost.asp?job=2207040005812
Site Reliability Engineer,LINE,경기>성남시 분당구,https://job.incruit.com/jobdb_info/jobpost.asp?job=2207130002163
UX Researcher,LINE,경기>성남시 분당구,https://job.incruit.com/jobdb_info/jobpost.asp?job=2207130002153
Blockchain Platform DevOps Engineer,라인넥스트 주식회사,경기>성남시 분당구,https://job.incruit.com/jobdb_info/jobpost.asp?job=2206280001582
민간기업맞춤형사업-AI개발자 교육 + 인턴십 참여자 모집,(사)한국인공지능협회,서울 외,https://job.incruit.com/jobdb_info/jobpost.asp?job=2207060000074
인공지능(AI) 소프트웨어 개발 경력자 모집,(주)메디리타,서울>마포구,https://job.incruit.com/jobdb_info/jobpost.asp?job=2110070004493
[성과공유기업] 백엔드 개발자 채용,(주)핀업,서울>강남구,https://job.incruit.com/jobdb_info/jobpost.asp?job=2206130001880
[정규직] 2022년 소프트웨어 연구개발 신입/경력 사원 채용,(주)스카이시스,울산>북구,https://job.incruit.com/jobdb_info/jobpost.asp?job=2207070001415
인공지능을 활용하여 같이 문제를 해결해 나갈 신입을 찾습니다.,(주)종달랩,서울>중구,https://job.incruit.com/jobdb_info/jobpost.asp?job=2204250007578
Software Development Engineer (풀필먼트 개발) (전문연구요원/보충역 가능),(주)메쉬코리아,서울>강남구,https://job.incruit.com/jobdb_info/jobpost.asp?job=2207080005264
[디엠씨코넷] 지능형 로봇 서비스 개발을 위한 소프트웨어 개발자 양성 & 취업연계 과정 교육생 모집,(주)링크드코리아,대전,https://job.incruit.com/jobdb_info/jobpost.asp?job=2206210002086
[디엠씨코넷] AI기반 응용 SW개발자 양성 & 취업연계 과정 교육생 모집,(주)링크드코리아,대전,https://job.incruit.com/jobdb_info/jobpost.asp?job=2206210002105
[디엠씨코넷] 빅데이터 분석 기반 비즈니스개발자 양성 & 취업연계 과정 교육생 모집,(주)링크드코리아,세종,https://job.incruit.com/jobdb_info/jobpost.asp?job=2206210001078
Blockchain Game Service Server Engineer,라인넥스트 주식회사,경기>성남시 분당구,https://job.incruit.com/jobdb_info/jobpost.asp?job=2206280001605
서버리스 백엔드 개발자(경력 3년 이상) 채용,케이스랩,서울>강남구 외,https://job.incruit.com/jobdb_info/jobpost.asp?job=2202140005419
Blockchain/NFT/Crypto FDS Server Engineer,라인넥스트 주식회사,경기>성남시 분당구,https://job.incruit.com/jobdb_info/jobpost.asp?job=2206280001549
[위메프서비스] SRE(Site Reliability Engineering) 담당자,(주)위메프,서울>강남구,https://job.incruit.com/jobdb_info/jobpost.asp?job=2206220003222
Windows/Linux 기반의 응용 프로그램 개발자,주식회사 올에이아이,경기>성남시 수정구,https://job.incruit.com/jobdb_info/jobpost.asp?job=2206300004430
[메디픽셀] 딥러닝 & SW 개발 엔지니어 채용,(주)메디픽셀,서울>마포구,https://job.incruit.com/jobdb_info/jobpost.asp?job=2201140004421
응용소프트웨어 신입 경력 초빙,(주)쿠노소프트,서울>성북구,https://job.incruit.com/jobdb_info/jobpost.asp?job=2206250000971
네트워크 구축 업무 담당자 모집,서우엠에스(주),전북>전주시 덕진구,https://job.incruit.com/jobdb_info/jobpost.asp?job=2207050007136
백엔드 경력 정규직 채용,라이트비전(주),서울>성동구,https://job.incruit.com/jobdb_info/jobpost.asp?job=2207080003698
하나네트웍스 - 프로그래밍/영업 및 현장업무 구인,하나네트웍스(주),충남>천안시 서북구,https://job.incruit.com/jobdb_info/jobpost.asp?job=2206100007190
[전문연구요원] 의료영상 리서치 엔지니어 정규직 채용,(주)메디픽셀,서울>마포구,https://job.incruit.com/jobdb_info/jobpost.asp?job=2111010000558
클라리파이 기업부설연구소 연구원 모집,(주)클라리파이,서울>종로구,https://job.incruit.com/jobdb_info/jobpost.asp?job=2207130000723
"백엔드개발자, 모바일앱 개발자, 블록체인 개발자 신입 모집 공고",(주)와이즈텍,서울>용산구 외,https://job.incruit.com/jobdb_info/jobpost.asp?job=2205310002039
"백엔드 개발자, 모바일앱 개발자, 블록체인 개발자 경력직 모집 공고",(주)와이즈텍,서울>용산구 외,https://job.incruit.com/jobdb_info/jobpost.asp?job=2205310002068
"백엔드개발자, 모바일앱개발, 블록체인개발자 경력 정규직 채용",(주)와이즈텍,서울>용산구 외,https://job.incruit.com/jobdb_info/jobpost.asp?job=2205060001597
Global Fintech Data Platform Engineer,라인비즈플러스(주),경기>성남시 분당구,https://job.incruit.com/jobdb_info/jobpost.asp?job=2204250002195
Fintech ML/Data Scientist,라인파이낸셜플러스,경기>성남시 분당구,https://job.incruit.com/jobdb_info/jobpost.asp?job=2207050008338
데이터 엔지니어 (전문연구요원 가능),(주)메쉬코리아,서울>강남구,https://job.incruit.com/jobdb_info/jobpost.asp?job=2207080005268
[NHN DATA] 데이터처리 플랫폼 개발자 경력 채용,(주)엔에이치엔데이터,경기>성남시 분당구,https://job.incruit.com/jobdb_info/jobpost.asp?job=2206230000114
[글로벌디지털마케팅] SEO 컨설턴트 신입/경력 정규직 채용,콘센트릭스서비스코리아,서울>강남구,https://job.incruit.com/jobdb_info/jobpost.asp?job=2206210006737
[인공지능기업] 데이터사이언티스트 채용 (경력),주식회사 딥브레인에이아이,서울,https://job.incruit.com/jobdb_info/jobpost.asp?job=2105200003610
이엔유주식회사 소프트웨어 개발자 신입 인재 모집,이엔유(주),대전>유성구,https://job.incruit.com/jobdb_info/jobpost.asp?job=2207050009514
[유통 대기업] 비지니스분석(Business Analyst) 과차장급 채용,에이치알니즈,서울,https://job.incruit.com/jobdb_info/jobpost.asp?job=2110040000962
[Manta] 데이터분석가,리디주식회사,서울>강남구,https://job.incruit.com/jobdb_info/jobpost.asp?job=2206290000053
"[미스터아빠] IT개발팀, IT기획팀 신입/경력 정규직 채용",미스터아빠,서울>구로구,https://job.incruit.com/jobdb_info/jobpost.asp?job=2206210004193
AI Backend 시스템 개발 전문가,에스케이텔레콤(주),서울>중구,https://job.incruit.com/jobdb_info/jobpost.asp?job=2207110002949
"프로그래밍, 컴퓨터 외 신입/경력 정규직 채용",코딩골드스쿨컴퓨터학원,서울>강남구,https://job.incruit.com/jobdb_info/jobpost.asp?job=2107030000280
(주)케이엠티엘 건설분야 R&D 병역특례(전문연구요원(영상관련 S/W 개발)) 모집,(주)케이엠티엘,서울>구로구,https://job.incruit.com/jobdb_info/jobpost.asp?job=2206200000652
2022년 상반기 정보보안 엔지니어 채용 - 악성코드 파트,(주)인섹시큐리티,서울>금천구,https://job.incruit.com/jobdb_info/jobpost.asp?job=2207050006662
Redis Database Engineer,LINE,경기>성남시 분당구,https://job.incruit.com/jobdb_info/jobpost.asp?job=2207130002126
[Vueron] Field Application Engineer,(주)뷰런테크놀로지,서울>강남구,https://job.incruit.com/jobdb_info/jobpost.asp?job=2207010005572
F/W 임베디드리눅스 경력직 채용,엠투클라우드(주),서울>송파구,https://job.incruit.com/jobdb_info/jobpost.asp?job=2207040009845
연구개발부문 Software Engineer 경력 사원 채용,볼보그룹코리아(주),경남>창원시 성산구,https://job.incruit.com/jobdb_info/jobpost.asp?job=2206290004148
데브옵스(DevOps) 엔지니어 (전문연구요원/보충역 가능),(주)메쉬코리아,서울>강남구,https://job.incruit.com/jobdb_info/jobpost.asp?job=2207080005258
경복대학교 혁신지원사업단 채용 공고,경복대학교,경기>포천시 외,https://job.incruit.com/jobdb_info/jobpost.asp?job=2207110000304
H/W 개발 정규직 사원 모집,(주)엠아이제이,강원>춘천시 외,https://job.incruit.com/jobdb_info/jobpost.asp?job=2205160006617
"파이슨 C+, 웹프로그램 기초/경험자 모집",(주)디넷,대구>달서구,https://job.incruit.com/jobdb_info/jobpost.asp?job=2206300001605
"SI, SM, R&D 경력 정규직 채용",코어디아이티 주식회사,서울,https://job.incruit.com/jobdb_info/jobpost.asp?job=2205210000116
[글로벌디지털마케팅] 디지털 데이터 분석 및 운영 담당자 정규직 모집,콘센트릭스서비스코리아,경기>성남시 분당구,https://job.incruit.com/jobdb_info/jobpost.asp?job=2207080004367
(주)글로벌비즈텍 경력직 채용(인공지능 프로그래머),(주)글로벌비즈텍,서울>중랑구 외,https://job.incruit.com/jobdb_info/jobpost.asp?job=2206240000474
(파이썬/백엔드/프론트엔드) 다양한 ICT솔루션 개발을 경험해보세요,(주)넥스팟솔루션,서울 외,https://job.incruit.com/jobdb_info/jobpost.asp?job=2204250007583
[3년 이상] Analytics/Data Angineer,(주)아이디케이스퀘어드,서울>중구,https://job.incruit.com/jobdb_info/jobpost.asp?job=2206110000103
딥러닝 영상 SW 개발 채용 (서울/춘천 : 경력/석사),(주)지오비전,강원>춘천시 외,https://job.incruit.com/jobdb_info/jobpost.asp?job=2112300001227
"백엔드개발자, 모바일앱개발, 블록체인 개발 외 경력 정규직 채용",(주)와이즈텍,서울>용산구,https://job.incruit.com/jobdb_info/jobpost.asp?job=2205060001280
[11번가] 금융플랫폼 Back-End Server 개발 분야 모집,십일번가(주),서울>중구,https://job.incruit.com/jobdb_info/jobpost.asp?job=2207060002179
카카오 분석 & MLOps 플랫폼 경력 개발자 모집,주식회사 카카오,경기>성남시 분당구,https://job.incruit.com/jobdb_info/jobpost.asp?job=2207010001859
ASUM 광고 플랫폼 개발자,에스케이텔레콤(주),서울>중구 외,https://job.incruit.com/jobdb_info/jobpost.asp?job=2207050001053
2022년 상반기 R&D 개발자 모집 (병역특례 가능/경력 무관),(주)네오스텍,인천>연수구 외,https://job.incruit.com/jobdb_info/jobpost.asp?job=2102020000568
(주)아파트엔 SW 개발자 정규직(신입/경력) 모집,(주)아파트엔,서울>서초구 외,https://job.incruit.com/jobdb_info/jobpost.asp?job=2207050008341
[기술지원] 클라이언트 담당 (검증 자동화 R&D),스마일게이트엔터테인먼트,경기>성남시 분당구,https://job.incruit.com/jobdb_info/jobpost.asp?job=2207050000914
PHP/백엔드 개발자 경력 정규직/프리랜서 채용,바로페이 주식회사,경남>진주시,https://job.incruit.com/jobdb_info/jobpost.asp?job=2206280002816
이공지능(AI) / 딥러닝 / Computer Vision 경력자 정규직 채용,(주)더블미,서울>서초구,https://job.incruit.com/jobdb_info/jobpost.asp?job=2104070005562
2022년 상반기 정보보안 엔지니어 채용 - 취약점파트,(주)인섹시큐리티,서울>금천구,https://job.incruit.com/jobdb_info/jobpost.asp?job=2207050007139
Sr. 데이터 엔지니어,(주)메쉬코리아,서울>강남구,https://job.incruit.com/jobdb_info/jobpost.asp?job=2207080005287
[INEEJI]예측/최적화 서비스 AI 엔지니어/프론트엔드 개발자 채용,(주)인이지,경기>성남시 수정구 외,https://job.incruit.com/jobdb_info/jobpost.asp?job=2204250006603
클라우드 (플랫폼 운영),KB데이타시스템,서울>마포구,https://job.incruit.com/jobdb_info/jobpost.asp?job=2206150001788
코박(Cobak) Back-end 개발 경력 정규직 채용,(주)판도라티비,경기>성남시 분당구,https://job.incruit.com/jobdb_info/jobpost.asp?job=2104290003185
인공지능(AI) / 딥러닝 / SLAM 경력직 채용,(주)더블미,서울>서초구,https://job.incruit.com/jobdb_info/jobpost.asp?job=2104070005520
양자컴퓨팅 및 MI(Material Informatics) 신입/경력 모집,LG이노텍(주),서울>강서구,https://job.incruit.com/jobdb_info/jobpost.asp?job=2207110000873
(주)엘솔루 웹 개발자 채용,㈜엘솔루,서울 외,https://job.incruit.com/jobdb_info/jobpost.asp?job=2202070005070
[SuperLabs] 3D Programmer 모집,스노우(주),경기>성남시 분당구,https://job.incruit.com/jobdb_info/jobpost.asp?job=2207060003470
[네오위즈] 일본 원작IP 기반 하이엔드 RPG TA 담당자(무관),네오위즈,경기>성남시 분당구,https://job.incruit.com/jobdb_info/jobpost.asp?job=2207070002188
[Engineering Div.] Sr. Publishing DevOps - Software Engineer,(주)크래프톤,서울>강남구,https://job.incruit.com/jobdb_info/jobpost.asp?job=2206220006819
[Mobile Analytics] Data Analyst (2년 이상),(주)크래프톤,서울>강남구,https://job.incruit.com/jobdb_info/jobpost.asp?job=2206220006796
GCP Managed Service (경력),메가존(주),서울>강남구,https://job.incruit.com/jobdb_info/jobpost.asp?job=2205240003419
[SuperLabs] AI 개발자 모집,스노우(주),경기>성남시 분당구,https://job.incruit.com/jobdb_info/jobpost.asp?job=2207060003473
[쿠키런: 오븐브레이크] 데이터 분석가 (경력),데브시스터즈(주),서울>강남구,https://job.incruit.com/jobdb_info/jobpost.asp?job=2204220007001
(주)스마트코어 개발자 채용(신입/경력),주식회사 스마트코어,서울>금천구,https://job.incruit.com/jobdb_info/jobpost.asp?job=2207060001278
디지털 미디어 매니저(퍼포먼스&브랜딩) 경력 채용,주식회사 스스스스,서울>서초구,https://job.incruit.com/jobdb_info/jobpost.asp?job=2201240003239
"[보안 컨설팅] 수준높은 취약점 진단, 모의해킹 컨설턴트 신입/경력 정규직, 병특",(주)인더포레스트,서울>강남구,https://job.incruit.com/jobdb_info/jobpost.asp?job=2204290005317
CTO부문 정밀분석 경력사원 모집,LG이노텍(주),서울>강서구,https://job.incruit.com/jobdb_info/jobpost.asp?job=2207050001953
[RPA 개발 ] 신입 및 경력  채용 공고,(유)아트만파트너스,서울>강남구,https://job.incruit.com/jobdb_info/jobpost.asp?job=2207060008585
"[(주)샌즈랩] 플랫폼개발팀, 웹개발 신입/경력 정규직 채용",(주)샌즈랩,서울>강남구 외,https://job.incruit.com/jobdb_info/jobpost.asp?job=2206230000524
,(주)대연씨앤아이,서울>구로구,https://job.incruit.com/jobdb_info/jobpost.asp?job=2108120002420
[단기계약직] 데이터 수집 및 전처리 작업자 모집,(주)엔씨소프트,경기>성남시 분당구,https://job.incruit.com/jobdb_info/jobpost.asp?job=2207110001174
Analytics Domain Lead,주식회사 위대한상상,서울>서초구,https://job.incruit.com/jobdb_info/jobpost.asp?job=2207110003038
[DI팀] 기계학습 Engineer (재고 및 가격 수요/공급 최적화),(주)야놀자,서울>강남구,https://job.incruit.com/jobdb_info/jobpost.asp?job=2202280001995
웹 스크래핑 개발자 영입,(주)카카오페이,경기>성남시 분당구,https://job.incruit.com/jobdb_info/jobpost.asp?job=2205030007521
[AI 가상인간 기술 스타트업] (주)유어라운드 AI 연구개발자 모집,(주)유어라운드,서울>마포구,https://job.incruit.com/jobdb_info/jobpost.asp?job=2204210005389
[SW개발] AI 알고리즘 엔지니어 계약직 담당자 모집(경력/계약),(주)케이씨텍,경기>화성시,https://job.incruit.com/jobdb_info/jobpost.asp?job=2207060000506
[CA] 웹 스크래핑 엔지니어,한국카카오은행(주),경기>성남시 분당구,https://job.incruit.com/jobdb_info/jobpost.asp?job=2207010002889
2022년 상반기 백엔드 개발자 모집,(주)반달소프트,경기>성남시 분당구,https://job.incruit.com/jobdb_info/jobpost.asp?job=2205160002604
[(주)데이터누리] Java 개발자 채용공고,(주)데이터누리,서울>강서구,https://job.incruit.com/jobdb_info/jobpost.asp?job=2007140000391
Data Scientist,KB데이타시스템,서울>마포구,https://job.incruit.com/jobdb_info/jobpost.asp?job=2206150001790
[쿠키런: 킹덤] 데이터 분석가,데브시스터즈(주),서울>강남구,https://job.incruit.com/jobdb_info/jobpost.asp?job=2207050009354
"DB엔지니어, DB컨설턴트, DBA에 도전하시는 신입 및 경력사원을 모집합니다.",(주)나래정보기술,경기>남양주시 외,https://job.incruit.com/jobdb_info/jobpost.asp?job=2206290000719
[PPM솔루션 클로바인] 연구소 IT 테크 직군 운영관리 개발자 모집,(주) 헤븐트리,대구>수성구,https://job.incruit.com/jobdb_info/jobpost.asp?job=2203180001154
Data Engineer (Elasticsearch),(주)비바리퍼블리카,서울>강남구,https://job.incruit.com/jobdb_info/jobpost.asp?job=2207040000758
[NHN] 2021년 (신입) 전문연구요원 모집,NHN,경기>성남시 분당구,https://job.incruit.com/jobdb_info/jobpost.asp?job=2101200004003
**  (주)아크 응용프로그램개발(IOS앱개발&Windows외 1개 부문) 채용,(주)아크,전북>전주시 완산구,https://job.incruit.com/jobdb_info/jobpost.asp?job=2109060003691
NHN KCP(주) 기술지원팀 채용,NHN한국사이버결제(주),서울>구로구,https://job.incruit.com/jobdb_info/jobpost.asp?job=2206140007008
Data Engineer-Eng,(주) 뤼이드,서울>강남구,https://job.incruit.com/jobdb_info/jobpost.asp?job=2205170006293
[서비스개발] 서버 개발 담당,스마일게이트엔터테인먼트,경기>성남시 분당구,https://job.incruit.com/jobdb_info/jobpost.asp?job=2207010000728
** [누리어시스템] 금융웹개발자 채용,(주)누리어시스템,경기>하남시,https://job.incruit.com/jobdb_info/jobpost.asp?job=2207060006143
[빅데이터플랫폼] 데이터 엔지니어,한국카카오은행(주),경기>성남시 분당구,https://job.incruit.com/jobdb_info/jobpost.asp?job=2207010002900
연구소 Robotics Perception 개발자 채용(병역특례 가능),주식회사 클로봇,경기>성남시 분당구 외,https://job.incruit.com/jobdb_info/jobpost.asp?job=2206200002477
[신입/경력] 검색서비스개발 담당자 모집,주식회사 다나와,서울>양천구,https://job.incruit.com/jobdb_info/jobpost.asp?job=2205110002297
[뉴플랫폼기술] Kubernetes Engineer,한국카카오은행(주),경기>성남시 분당구,https://job.incruit.com/jobdb_info/jobpost.asp?job=2207010002032
"Android, 무인 항공기 시스템개발자 외 신입/경력 정규직 채용",(주)보라,경기>화성시,https://job.incruit.com/jobdb_info/jobpost.asp?job=2206150002921
"데이터베이스개발자, 웹개발 신입/경력 정규직 채용",주식회사 여의도사람들,서울>영등포구,https://job.incruit.com/jobdb_info/jobpost.asp?job=2107280004351
[취업연계]클라우드 SW엔지니어 양성 과정,(주)노브레이크,서울>영등포구 외,https://job.incruit.com/jobdb_info/jobpost.asp?job=2206240000959
각 부문 필드엔지니어 채용,(주)마크애니,서울>중구,https://job.incruit.com/jobdb_info/jobpost.asp?job=2206150004090
[일반직] CGMS 데이터 분석 신입사원 모집 (~7/31),(주)아이센스,서울>서초구,https://job.incruit.com/jobdb_info/jobpost.asp?job=2207110003295
S/W 개발자 모집,(주)포산인더스트리,경기>고양시 일산동구,https://job.incruit.com/jobdb_info/jobpost.asp?job=2207110001346
[잔디소프트] 개발툴 프로그래머 신입/경력 정규직 채용,(주)잔디소프트,서울>영등포구,https://job.incruit.com/jobdb_info/jobpost.asp?job=2207120001022
[AIRS] Site Reliability Engineer,현대자동차(주),서울>강남구,https://job.incruit.com/jobdb_info/jobpost.asp?job=2206290002771
[AIRS] 기계 번역 엔진 개발,현대자동차(주),서울>강남구,https://job.incruit.com/jobdb_info/jobpost.asp?job=2206290002745
[서울] 데이터 분석가 채용,(주)웅진씽크빅,서울>중구,https://job.incruit.com/jobdb_info/jobpost.asp?job=2206130000541
보안 모니터링 시스템 개발 및 운영 담당자 모집 (경력),주식회사 카카오,경기>성남시 분당구,https://job.incruit.com/jobdb_info/jobpost.asp?job=2207010003190
Ultrasound Engineer,지멘스헬시니어스(주),경기>성남시 분당구,https://job.incruit.com/jobdb_info/jobpost.asp?job=2207040004044
Kafka 담당자 영입,(주)카카오페이,경기>성남시 분당구,https://job.incruit.com/jobdb_info/jobpost.asp?job=2207060000128
스마트 영상 인식 시스템/ 임베디드 S/W 경력 개발자 모집,몹티콘,서울>구로구,https://job.incruit.com/jobdb_info/jobpost.asp?job=2207060000636
[NAVER Cloud] Media 서비스 개발,네이버클라우드 주식회사,경기>성남시 분당구,https://job.incruit.com/jobdb_info/jobpost.asp?job=2206230000368
[NHN FashionGo KOREA] 패션고 추천 플랫폼 개발/데이터 엔지니어링,NHN,경기>성남시 분당구,https://job.incruit.com/jobdb_info/jobpost.asp?job=2203110001427
[DI팀] Data Engineer (인프라 및 파이프라이닝 개발),(주)야놀자,서울>강남구,https://job.incruit.com/jobdb_info/jobpost.asp?job=2202250001563
[구글] DevOps Engineer 영입,베스핀글로벌(주),서울>강남구 외,https://job.incruit.com/jobdb_info/jobpost.asp?job=2207010004709
제어 및 시뮬레이션 전문가 경력   채용,(주)컨트롤웍스,서울>강남구,https://job.incruit.com/jobdb_info/jobpost.asp?job=2206290000832
리서치(사회조사/마케팅/시장조사) 연구원 신입/경력 정규직 채용,주식회사 리서치앤유,서울>성동구,https://job.incruit.com/jobdb_info/jobpost.asp?job=2204250010188
[인턴십] 센서 실험실 엔지니어 모집 (12개월),인피니언코리아,서울>강남구,https://job.incruit.com/jobdb_info/jobpost.asp?job=2206290005428
Application developer - Back-end 개발자 채용,주식회사 코그넷나인,서울>서초구,https://job.incruit.com/jobdb_info/jobpost.asp?job=2203070000443
MongoDB 담당자 영입,(주)카카오페이,경기>성남시 분당구,https://job.incruit.com/jobdb_info/jobpost.asp?job=2206220000117
[네이버계열사][NIT Service] NAVER IDC 서버 운영/관리,엔아이티서비스 주식회사,강원>춘천시 외,https://job.incruit.com/jobdb_info/jobpost.asp?job=2206240005758
[NAVER Cloud] 데이터분석가,네이버클라우드 주식회사,경기>성남시 분당구,https://job.incruit.com/jobdb_info/jobpost.asp?job=2206240000630
